frac_var_name,frac_var_name_prefix
frac_agrc_agriculture_production_lost,frac_agrc_agriculture_production
frac_agrc_bevs_and_spices_cl1_temperate,frac_agrc_bevs_and_spices_cl1
frac_agrc_bevs_and_spices_cl1_tropical,frac_agrc_bevs_and_spices_cl1
frac_agrc_bevs_and_spices_cl2_dry,frac_agrc_bevs_and_spices_cl2
frac_agrc_bevs_and_spices_cl2_wet,frac_agrc_bevs_and_spices_cl2
frac_agrc_cereals_cl1_temperate,frac_agrc_cereals_cl1
frac_agrc_cereals_cl1_tropical,frac_agrc_cereals_cl1
frac_agrc_cereals_cl2_dry,frac_agrc_cereals_cl2
frac_agrc_cereals_cl2_wet,frac_agrc_cereals_cl2
frac_agrc_combustion_factor_cereals,frac_agrc_combustion_factor
frac_agrc_combustion_factor_other_annual,frac_agrc_combustion_factor_other
frac_agrc_combustion_factor_pulses,frac_agrc_combustion_factor
frac_agrc_combustion_factor_rice,frac_agrc_combustion_factor
frac_agrc_combustion_factor_tubers,frac_agrc_combustion_factor
frac_agrc_crop_demand_imported_bevs_and_spices,frac_agrc_crop_demand_imported_bevs_and
frac_agrc_crop_demand_imported_cereals,frac_agrc_crop_demand_imported
frac_agrc_crop_demand_imported_fibers,frac_agrc_crop_demand_imported
frac_agrc_crop_demand_imported_fruits,frac_agrc_crop_demand_imported
frac_agrc_crop_demand_imported_herbs_and_other_perennial_crops,frac_agrc_crop_demand_imported_herbs_and_other_perennial
frac_agrc_crop_demand_imported_nuts,frac_agrc_crop_demand_imported
frac_agrc_crop_demand_imported_other_annual,frac_agrc_crop_demand_imported_other
frac_agrc_crop_demand_imported_other_woody_perennial,frac_agrc_crop_demand_imported_other_woody
frac_agrc_crop_demand_imported_pulses,frac_agrc_crop_demand_imported
frac_agrc_crop_demand_imported_rice,frac_agrc_crop_demand_imported
frac_agrc_crop_demand_imported_sugar_cane,frac_agrc_crop_demand_imported_sugar
frac_agrc_crop_demand_imported_tubers,frac_agrc_crop_demand_imported
frac_agrc_crop_demand_imported_vegetables_and_vines,frac_agrc_crop_demand_imported_vegetables_and
frac_agrc_crop_residues_burned,frac_agrc_crop_residues
frac_agrc_crop_residues_removed,frac_agrc_crop_residues
frac_agrc_dry_matter_of_harvest_cereals,frac_agrc_dry_matter_of_harvest
frac_agrc_dry_matter_of_harvest_other_annual,frac_agrc_dry_matter_of_harvest_other
frac_agrc_dry_matter_of_harvest_pulses,frac_agrc_dry_matter_of_harvest
frac_agrc_dry_matter_of_harvest_rice,frac_agrc_dry_matter_of_harvest
frac_agrc_dry_matter_of_harvest_tubers,frac_agrc_dry_matter_of_harvest
frac_agrc_fibers_cl1_temperate,frac_agrc_fibers_cl1
frac_agrc_fibers_cl1_tropical,frac_agrc_fibers_cl1
frac_agrc_fibers_cl2_dry,frac_agrc_fibers_cl2
frac_agrc_fibers_cl2_wet,frac_agrc_fibers_cl2
frac_agrc_fruits_cl1_temperate,frac_agrc_fruits_cl1
frac_agrc_fruits_cl1_tropical,frac_agrc_fruits_cl1
frac_agrc_fruits_cl2_dry,frac_agrc_fruits_cl2
frac_agrc_fruits_cl2_wet,frac_agrc_fruits_cl2
frac_agrc_herbs_and_other_perennial_crops_cl1_temperate,frac_agrc_herbs_and_other_perennial_crops_cl1
frac_agrc_herbs_and_other_perennial_crops_cl1_tropical,frac_agrc_herbs_and_other_perennial_crops_cl1
frac_agrc_herbs_and_other_perennial_crops_cl2_dry,frac_agrc_herbs_and_other_perennial_crops_cl2
frac_agrc_herbs_and_other_perennial_crops_cl2_wet,frac_agrc_herbs_and_other_perennial_crops_cl2
frac_agrc_initial_area_cropland_bevs_and_spices,frac_agrc_initial_area_cropland_bevs_and
frac_agrc_initial_area_cropland_cereals,frac_agrc_initial_area_cropland
frac_agrc_initial_area_cropland_fibers,frac_agrc_initial_area_cropland
frac_agrc_initial_area_cropland_fruits,frac_agrc_initial_area_cropland
frac_agrc_initial_area_cropland_herbs_and_other_perennial_crops,frac_agrc_initial_area_cropland_herbs_and_other_perennial
frac_agrc_initial_area_cropland_nuts,frac_agrc_initial_area_cropland
frac_agrc_initial_area_cropland_other_annual,frac_agrc_initial_area_cropland_other
frac_agrc_initial_area_cropland_other_woody_perennial,frac_agrc_initial_area_cropland_other_woody
frac_agrc_initial_area_cropland_pulses,frac_agrc_initial_area_cropland
frac_agrc_initial_area_cropland_rice,frac_agrc_initial_area_cropland
frac_agrc_initial_area_cropland_sugar_cane,frac_agrc_initial_area_cropland_sugar
frac_agrc_initial_area_cropland_tubers,frac_agrc_initial_area_cropland
frac_agrc_initial_area_cropland_vegetables_and_vines,frac_agrc_initial_area_cropland_vegetables_and
frac_agrc_initial_yield_feed_bevs_and_spices,frac_agrc_initial_yield_feed_bevs_and
frac_agrc_initial_yield_feed_cereals,frac_agrc_initial_yield_feed
frac_agrc_initial_yield_feed_fibers,frac_agrc_initial_yield_feed
frac_agrc_initial_yield_feed_fruits,frac_agrc_initial_yield_feed
frac_agrc_initial_yield_feed_herbs_and_other_perennial_crops,frac_agrc_initial_yield_feed_herbs_and_other_perennial
frac_agrc_initial_yield_feed_nuts,frac_agrc_initial_yield_feed
frac_agrc_initial_yield_feed_other_annual,frac_agrc_initial_yield_feed_other
frac_agrc_initial_yield_feed_other_woody_perennial,frac_agrc_initial_yield_feed_other_woody
frac_agrc_initial_yield_feed_pulses,frac_agrc_initial_yield_feed
frac_agrc_initial_yield_feed_rice,frac_agrc_initial_yield_feed
frac_agrc_initial_yield_feed_sugar_cane,frac_agrc_initial_yield_feed_sugar
frac_agrc_initial_yield_feed_tubers,frac_agrc_initial_yield_feed
frac_agrc_initial_yield_feed_vegetables_and_vines,frac_agrc_initial_yield_feed_vegetables_and
frac_agrc_n_in_above_ground_residue_cereals,frac_agrc_n_in_above_ground_residue
frac_agrc_n_in_above_ground_residue_other_annual,frac_agrc_n_in_above_ground_residue_other
frac_agrc_n_in_above_ground_residue_pulses,frac_agrc_n_in_above_ground_residue
frac_agrc_n_in_above_ground_residue_rice,frac_agrc_n_in_above_ground_residue
frac_agrc_n_in_above_ground_residue_tubers,frac_agrc_n_in_above_ground_residue
frac_agrc_n_in_below_ground_residue_cereals,frac_agrc_n_in_below_ground_residue
frac_agrc_n_in_below_ground_residue_other_annual,frac_agrc_n_in_below_ground_residue_other
frac_agrc_n_in_below_ground_residue_pulses,frac_agrc_n_in_below_ground_residue
frac_agrc_n_in_below_ground_residue_rice,frac_agrc_n_in_below_ground_residue
frac_agrc_n_in_below_ground_residue_tubers,frac_agrc_n_in_below_ground_residue
frac_agrc_no_till_cereals,frac_agrc_no_till
frac_agrc_no_till_fibers,frac_agrc_no_till
frac_agrc_no_till_other_annual,frac_agrc_no_till_other
frac_agrc_no_till_pulses,frac_agrc_no_till
frac_agrc_no_till_tubers,frac_agrc_no_till
frac_agrc_no_till_vegetables_and_vines,frac_agrc_no_till_vegetables_and
frac_agrc_nuts_cl1_temperate,frac_agrc_nuts_cl1
frac_agrc_nuts_cl1_tropical,frac_agrc_nuts_cl1
frac_agrc_nuts_cl2_dry,frac_agrc_nuts_cl2
frac_agrc_nuts_cl2_wet,frac_agrc_nuts_cl2
frac_agrc_other_annual_cl1_temperate,frac_agrc_other_annual_cl1
frac_agrc_other_annual_cl1_tropical,frac_agrc_other_annual_cl1
frac_agrc_other_annual_cl2_dry,frac_agrc_other_annual_cl2
frac_agrc_other_annual_cl2_wet,frac_agrc_other_annual_cl2
frac_agrc_other_woody_perennial_cl1_temperate,frac_agrc_other_woody_perennial_cl1
frac_agrc_other_woody_perennial_cl1_tropical,frac_agrc_other_woody_perennial_cl1
frac_agrc_other_woody_perennial_cl2_dry,frac_agrc_other_woody_perennial_cl2
frac_agrc_other_woody_perennial_cl2_wet,frac_agrc_other_woody_perennial_cl2
frac_agrc_production_lost_sent_to_msw,frac_agrc_production_lost_sent_to
frac_agrc_pulses_cl1_temperate,frac_agrc_pulses_cl1
frac_agrc_pulses_cl1_tropical,frac_agrc_pulses_cl1
frac_agrc_pulses_cl2_dry,frac_agrc_pulses_cl2
frac_agrc_pulses_cl2_wet,frac_agrc_pulses_cl2
frac_agrc_rice_cl1_temperate,frac_agrc_rice_cl1
frac_agrc_rice_cl1_tropical,frac_agrc_rice_cl1
frac_agrc_rice_cl2_dry,frac_agrc_rice_cl2
frac_agrc_rice_cl2_wet,frac_agrc_rice_cl2
frac_agrc_sugar_cane_cl1_temperate,frac_agrc_sugar_cane_cl1
frac_agrc_sugar_cane_cl1_tropical,frac_agrc_sugar_cane_cl1
frac_agrc_sugar_cane_cl2_dry,frac_agrc_sugar_cane_cl2
frac_agrc_sugar_cane_cl2_wet,frac_agrc_sugar_cane_cl2
frac_agrc_tubers_cl1_temperate,frac_agrc_tubers_cl1
frac_agrc_tubers_cl1_tropical,frac_agrc_tubers_cl1
frac_agrc_tubers_cl2_dry,frac_agrc_tubers_cl2
frac_agrc_tubers_cl2_wet,frac_agrc_tubers_cl2
frac_agrc_vegetables_and_vines_cl1_temperate,frac_agrc_vegetables_and_vines_cl1
frac_agrc_vegetables_and_vines_cl1_tropical,frac_agrc_vegetables_and_vines_cl1
frac_agrc_vegetables_and_vines_cl2_dry,frac_agrc_vegetables_and_vines_cl2
frac_agrc_vegetables_and_vines_cl2_wet,frac_agrc_vegetables_and_vines_cl2
frac_ccsq_energydem_direct_air_capture_electricity,frac_ccsq_energydem_direct_air_capture
frac_ccsq_energydem_direct_air_capture_heat,frac_ccsq_energydem_direct_air_capture
frac_ccsq_heat_energy_direct_air_capture_geothermal,frac_ccsq_heat_energy_direct_air_capture
frac_ccsq_heat_energy_direct_air_capture_hydrogen,frac_ccsq_heat_energy_direct_air_capture
frac_ccsq_heat_energy_direct_air_capture_natural_gas,frac_ccsq_heat_energy_direct_air_capture_natural
frac_enfu_fuel_demand_imported_pj_fuel_ammonia,frac_enfu_fuel_demand_imported_pj_fuel
frac_enfu_fuel_demand_imported_pj_fuel_coal,frac_enfu_fuel_demand_imported_pj_fuel
frac_enfu_fuel_demand_imported_pj_fuel_crude,frac_enfu_fuel_demand_imported_pj_fuel
frac_enfu_fuel_demand_imported_pj_fuel_diesel,frac_enfu_fuel_demand_imported_pj_fuel
frac_enfu_fuel_demand_imported_pj_fuel_electricity,frac_enfu_fuel_demand_imported_pj_fuel
frac_enfu_fuel_demand_imported_pj_fuel_gasoline,frac_enfu_fuel_demand_imported_pj_fuel
frac_enfu_fuel_demand_imported_pj_fuel_hydrocarbon_gas_liquids,frac_enfu_fuel_demand_imported_pj_fuel_hydrocarbon_gas
frac_enfu_fuel_demand_imported_pj_fuel_hydrogen,frac_enfu_fuel_demand_imported_pj_fuel
frac_enfu_fuel_demand_imported_pj_fuel_kerosene,frac_enfu_fuel_demand_imported_pj_fuel
frac_enfu_fuel_demand_imported_pj_fuel_natural_gas,frac_enfu_fuel_demand_imported_pj_fuel_natural
frac_enfu_fuel_demand_imported_pj_fuel_oil,frac_enfu_fuel_demand_imported_pj_fuel
frac_enfu_minimum_fuel_to_electricity_fuel_biogas,frac_enfu_minimum_fuel_to_electricity_fuel
frac_enfu_minimum_fuel_to_electricity_fuel_waste,frac_enfu_minimum_fuel_to_electricity_fuel
frac_enfu_transmission_loss_fuel_electricity,frac_enfu_transmission_loss_fuel
frac_entc_max_elec_production_increase_to_satisfy_msp_pp_biogas,frac_entc_max_elec_production_increase_to_satisfy_msp_pp
frac_entc_max_elec_production_increase_to_satisfy_msp_pp_biomass,frac_entc_max_elec_production_increase_to_satisfy_msp_pp
frac_entc_max_elec_production_increase_to_satisfy_msp_pp_coal,frac_entc_max_elec_production_increase_to_satisfy_msp_pp
frac_entc_max_elec_production_increase_to_satisfy_msp_pp_coal_ccs,frac_entc_max_elec_production_increase_to_satisfy_msp_pp_coal
frac_entc_max_elec_production_increase_to_satisfy_msp_pp_gas,frac_entc_max_elec_production_increase_to_satisfy_msp_pp
frac_entc_max_elec_production_increase_to_satisfy_msp_pp_gas_ccs,frac_entc_max_elec_production_increase_to_satisfy_msp_pp_gas
frac_entc_max_elec_production_increase_to_satisfy_msp_pp_geothermal,frac_entc_max_elec_production_increase_to_satisfy_msp_pp
frac_entc_max_elec_production_increase_to_satisfy_msp_pp_hydropower,frac_entc_max_elec_production_increase_to_satisfy_msp_pp
frac_entc_max_elec_production_increase_to_satisfy_msp_pp_nuclear,frac_entc_max_elec_production_increase_to_satisfy_msp_pp
frac_entc_max_elec_production_increase_to_satisfy_msp_pp_ocean,frac_entc_max_elec_production_increase_to_satisfy_msp_pp
frac_entc_max_elec_production_increase_to_satisfy_msp_pp_oil,frac_entc_max_elec_production_increase_to_satisfy_msp_pp
frac_entc_max_elec_production_increase_to_satisfy_msp_pp_solar,frac_entc_max_elec_production_increase_to_satisfy_msp_pp
frac_entc_max_elec_production_increase_to_satisfy_msp_pp_waste_incineration,frac_entc_max_elec_production_increase_to_satisfy_msp_pp_waste
frac_entc_max_elec_production_increase_to_satisfy_msp_pp_wind,frac_entc_max_elec_production_increase_to_satisfy_msp_pp
frac_fgtv_drained_and_waste_ch4_flared_fuel_coal,frac_fgtv_drained_and_waste_ch4_flared_fuel
frac_fgtv_drained_and_waste_ch4_flared_fuel_oil,frac_fgtv_drained_and_waste_ch4_flared_fuel
frac_fgtv_reduction_in_fugitive_leaks,frac_fgtv_reduction_in_fugitive
frac_frst_annual_wildfire_fraction_mangroves,frac_frst_annual_wildfire_fraction
frac_frst_annual_wildfire_fraction_primary,frac_frst_annual_wildfire_fraction
frac_frst_annual_wildfire_fraction_secondary,frac_frst_annual_wildfire_fraction
frac_frst_mangroves_cl1_temperate_nutrient_poor,frac_frst_mangroves_cl1_temperate_nutrient
frac_frst_mangroves_cl1_temperate_nutrient_rich,frac_frst_mangroves_cl1_temperate_nutrient
frac_frst_mangroves_cl1_tropical,frac_frst_mangroves_cl1
frac_frst_primary_cl1_temperate_nutrient_poor,frac_frst_primary_cl1_temperate_nutrient
frac_frst_primary_cl1_temperate_nutrient_rich,frac_frst_primary_cl1_temperate_nutrient
frac_frst_primary_cl1_tropical,frac_frst_primary_cl1
frac_frst_secondary_cl1_temperate_nutrient_poor,frac_frst_secondary_cl1_temperate_nutrient
frac_frst_secondary_cl1_temperate_nutrient_rich,frac_frst_secondary_cl1_temperate_nutrient
frac_frst_secondary_cl1_tropical,frac_frst_secondary_cl1
frac_gnrl_eating_red_meat,frac_gnrl_eating_red
frac_inen_energy_agriculture_and_livestock_coal,frac_inen_energy_agriculture_and_livestock
frac_inen_energy_agriculture_and_livestock_coke,frac_inen_energy_agriculture_and_livestock
frac_inen_energy_agriculture_and_livestock_diesel,frac_inen_energy_agriculture_and_livestock
frac_inen_energy_agriculture_and_livestock_electricity,frac_inen_energy_agriculture_and_livestock
frac_inen_energy_agriculture_and_livestock_furnace_gas,frac_inen_energy_agriculture_and_livestock_furnace
frac_inen_energy_agriculture_and_livestock_gasoline,frac_inen_energy_agriculture_and_livestock
frac_inen_energy_agriculture_and_livestock_hydrocarbon_gas_liquids,frac_inen_energy_agriculture_and_livestock_hydrocarbon_gas
frac_inen_energy_agriculture_and_livestock_hydrogen,frac_inen_energy_agriculture_and_livestock
frac_inen_energy_agriculture_and_livestock_kerosene,frac_inen_energy_agriculture_and_livestock
frac_inen_energy_agriculture_and_livestock_natural_gas,frac_inen_energy_agriculture_and_livestock_natural
frac_inen_energy_agriculture_and_livestock_oil,frac_inen_energy_agriculture_and_livestock
frac_inen_energy_agriculture_and_livestock_solar,frac_inen_energy_agriculture_and_livestock
frac_inen_energy_agriculture_and_livestock_solid_biomass,frac_inen_energy_agriculture_and_livestock_solid
frac_inen_energy_cement_coal,frac_inen_energy_cement
frac_inen_energy_cement_coke,frac_inen_energy_cement
frac_inen_energy_cement_diesel,frac_inen_energy_cement
frac_inen_energy_cement_electricity,frac_inen_energy_cement
frac_inen_energy_cement_furnace_gas,frac_inen_energy_cement_furnace
frac_inen_energy_cement_gasoline,frac_inen_energy_cement
frac_inen_energy_cement_hydrocarbon_gas_liquids,frac_inen_energy_cement_hydrocarbon_gas
frac_inen_energy_cement_hydrogen,frac_inen_energy_cement
frac_inen_energy_cement_kerosene,frac_inen_energy_cement
frac_inen_energy_cement_natural_gas,frac_inen_energy_cement_natural
frac_inen_energy_cement_oil,frac_inen_energy_cement
frac_inen_energy_cement_solar,frac_inen_energy_cement
frac_inen_energy_cement_solid_biomass,frac_inen_energy_cement_solid
frac_inen_energy_chemicals_coal,frac_inen_energy_chemicals
frac_inen_energy_chemicals_coke,frac_inen_energy_chemicals
frac_inen_energy_chemicals_diesel,frac_inen_energy_chemicals
frac_inen_energy_chemicals_electricity,frac_inen_energy_chemicals
frac_inen_energy_chemicals_furnace_gas,frac_inen_energy_chemicals_furnace
frac_inen_energy_chemicals_gasoline,frac_inen_energy_chemicals
frac_inen_energy_chemicals_hydrocarbon_gas_liquids,frac_inen_energy_chemicals_hydrocarbon_gas
frac_inen_energy_chemicals_hydrogen,frac_inen_energy_chemicals
frac_inen_energy_chemicals_kerosene,frac_inen_energy_chemicals
frac_inen_energy_chemicals_natural_gas,frac_inen_energy_chemicals_natural
frac_inen_energy_chemicals_oil,frac_inen_energy_chemicals
frac_inen_energy_chemicals_solar,frac_inen_energy_chemicals
frac_inen_energy_chemicals_solid_biomass,frac_inen_energy_chemicals_solid
frac_inen_energy_electronics_coal,frac_inen_energy_electronics
frac_inen_energy_electronics_coke,frac_inen_energy_electronics
frac_inen_energy_electronics_diesel,frac_inen_energy_electronics
frac_inen_energy_electronics_electricity,frac_inen_energy_electronics
frac_inen_energy_electronics_furnace_gas,frac_inen_energy_electronics_furnace
frac_inen_energy_electronics_gasoline,frac_inen_energy_electronics
frac_inen_energy_electronics_hydrocarbon_gas_liquids,frac_inen_energy_electronics_hydrocarbon_gas
frac_inen_energy_electronics_hydrogen,frac_inen_energy_electronics
frac_inen_energy_electronics_kerosene,frac_inen_energy_electronics
frac_inen_energy_electronics_natural_gas,frac_inen_energy_electronics_natural
frac_inen_energy_electronics_oil,frac_inen_energy_electronics
frac_inen_energy_electronics_solar,frac_inen_energy_electronics
frac_inen_energy_electronics_solid_biomass,frac_inen_energy_electronics_solid
frac_inen_energy_glass_coal,frac_inen_energy_glass
frac_inen_energy_glass_coke,frac_inen_energy_glass
frac_inen_energy_glass_diesel,frac_inen_energy_glass
frac_inen_energy_glass_electricity,frac_inen_energy_glass
frac_inen_energy_glass_furnace_gas,frac_inen_energy_glass_furnace
frac_inen_energy_glass_gasoline,frac_inen_energy_glass
frac_inen_energy_glass_hydrocarbon_gas_liquids,frac_inen_energy_glass_hydrocarbon_gas
frac_inen_energy_glass_hydrogen,frac_inen_energy_glass
frac_inen_energy_glass_kerosene,frac_inen_energy_glass
frac_inen_energy_glass_natural_gas,frac_inen_energy_glass_natural
frac_inen_energy_glass_oil,frac_inen_energy_glass
frac_inen_energy_glass_solar,frac_inen_energy_glass
frac_inen_energy_glass_solid_biomass,frac_inen_energy_glass_solid
frac_inen_energy_lime_and_carbonite_coal,frac_inen_energy_lime_and_carbonite
frac_inen_energy_lime_and_carbonite_coke,frac_inen_energy_lime_and_carbonite
frac_inen_energy_lime_and_carbonite_diesel,frac_inen_energy_lime_and_carbonite
frac_inen_energy_lime_and_carbonite_electricity,frac_inen_energy_lime_and_carbonite
frac_inen_energy_lime_and_carbonite_furnace_gas,frac_inen_energy_lime_and_carbonite_furnace
frac_inen_energy_lime_and_carbonite_gasoline,frac_inen_energy_lime_and_carbonite
frac_inen_energy_lime_and_carbonite_hydrocarbon_gas_liquids,frac_inen_energy_lime_and_carbonite_hydrocarbon_gas
frac_inen_energy_lime_and_carbonite_hydrogen,frac_inen_energy_lime_and_carbonite
frac_inen_energy_lime_and_carbonite_kerosene,frac_inen_energy_lime_and_carbonite
frac_inen_energy_lime_and_carbonite_natural_gas,frac_inen_energy_lime_and_carbonite_natural
frac_inen_energy_lime_and_carbonite_oil,frac_inen_energy_lime_and_carbonite
frac_inen_energy_lime_and_carbonite_solar,frac_inen_energy_lime_and_carbonite
frac_inen_energy_lime_and_carbonite_solid_biomass,frac_inen_energy_lime_and_carbonite_solid
frac_inen_energy_metals_coal,frac_inen_energy_metals
frac_inen_energy_metals_coke,frac_inen_energy_metals
frac_inen_energy_metals_diesel,frac_inen_energy_metals
frac_inen_energy_metals_electricity,frac_inen_energy_metals
frac_inen_energy_metals_furnace_gas,frac_inen_energy_metals_furnace
frac_inen_energy_metals_gasoline,frac_inen_energy_metals
frac_inen_energy_metals_hydrocarbon_gas_liquids,frac_inen_energy_metals_hydrocarbon_gas
frac_inen_energy_metals_hydrogen,frac_inen_energy_metals
frac_inen_energy_metals_kerosene,frac_inen_energy_metals
frac_inen_energy_metals_natural_gas,frac_inen_energy_metals_natural
frac_inen_energy_metals_oil,frac_inen_energy_metals
frac_inen_energy_metals_solar,frac_inen_energy_metals
frac_inen_energy_metals_solid_biomass,frac_inen_energy_metals_solid
frac_inen_energy_mining_coal,frac_inen_energy_mining
frac_inen_energy_mining_coke,frac_inen_energy_mining
frac_inen_energy_mining_diesel,frac_inen_energy_mining
frac_inen_energy_mining_electricity,frac_inen_energy_mining
frac_inen_energy_mining_furnace_gas,frac_inen_energy_mining_furnace
frac_inen_energy_mining_gasoline,frac_inen_energy_mining
frac_inen_energy_mining_geothermal,frac_inen_energy_mining
frac_inen_energy_mining_hydrocarbon_gas_liquids,frac_inen_energy_mining_hydrocarbon_gas
frac_inen_energy_mining_hydrogen,frac_inen_energy_mining
frac_inen_energy_mining_kerosene,frac_inen_energy_mining
frac_inen_energy_mining_natural_gas,frac_inen_energy_mining_natural
frac_inen_energy_mining_oil,frac_inen_energy_mining
frac_inen_energy_mining_solar,frac_inen_energy_mining
frac_inen_energy_mining_solid_biomass,frac_inen_energy_mining_solid
frac_inen_energy_other_product_manufacturing_coal,frac_inen_energy_other_product_manufacturing
frac_inen_energy_other_product_manufacturing_coke,frac_inen_energy_other_product_manufacturing
frac_inen_energy_other_product_manufacturing_diesel,frac_inen_energy_other_product_manufacturing
frac_inen_energy_other_product_manufacturing_electricity,frac_inen_energy_other_product_manufacturing
frac_inen_energy_other_product_manufacturing_furnace_gas,frac_inen_energy_other_product_manufacturing_furnace
frac_inen_energy_other_product_manufacturing_gasoline,frac_inen_energy_other_product_manufacturing
frac_inen_energy_other_product_manufacturing_hydrocarbon_gas_liquids,frac_inen_energy_other_product_manufacturing_hydrocarbon_gas
frac_inen_energy_other_product_manufacturing_hydrogen,frac_inen_energy_other_product_manufacturing
frac_inen_energy_other_product_manufacturing_kerosene,frac_inen_energy_other_product_manufacturing
frac_inen_energy_other_product_manufacturing_natural_gas,frac_inen_energy_other_product_manufacturing_natural
frac_inen_energy_other_product_manufacturing_oil,frac_inen_energy_other_product_manufacturing
frac_inen_energy_other_product_manufacturing_solar,frac_inen_energy_other_product_manufacturing
frac_inen_energy_other_product_manufacturing_solid_biomass,frac_inen_energy_other_product_manufacturing_solid
frac_inen_energy_paper_coal,frac_inen_energy_paper
frac_inen_energy_paper_coke,frac_inen_energy_paper
frac_inen_energy_paper_diesel,frac_inen_energy_paper
frac_inen_energy_paper_electricity,frac_inen_energy_paper
frac_inen_energy_paper_furnace_gas,frac_inen_energy_paper_furnace
frac_inen_energy_paper_gasoline,frac_inen_energy_paper
frac_inen_energy_paper_hydrocarbon_gas_liquids,frac_inen_energy_paper_hydrocarbon_gas
frac_inen_energy_paper_hydrogen,frac_inen_energy_paper
frac_inen_energy_paper_kerosene,frac_inen_energy_paper
frac_inen_energy_paper_natural_gas,frac_inen_energy_paper_natural
frac_inen_energy_paper_oil,frac_inen_energy_paper
frac_inen_energy_paper_solar,frac_inen_energy_paper
frac_inen_energy_paper_solid_biomass,frac_inen_energy_paper_solid
frac_inen_energy_plastic_coal,frac_inen_energy_plastic
frac_inen_energy_plastic_coke,frac_inen_energy_plastic
frac_inen_energy_plastic_diesel,frac_inen_energy_plastic
frac_inen_energy_plastic_electricity,frac_inen_energy_plastic
frac_inen_energy_plastic_furnace_gas,frac_inen_energy_plastic_furnace
frac_inen_energy_plastic_gasoline,frac_inen_energy_plastic
frac_inen_energy_plastic_hydrocarbon_gas_liquids,frac_inen_energy_plastic_hydrocarbon_gas
frac_inen_energy_plastic_hydrogen,frac_inen_energy_plastic
frac_inen_energy_plastic_kerosene,frac_inen_energy_plastic
frac_inen_energy_plastic_natural_gas,frac_inen_energy_plastic_natural
frac_inen_energy_plastic_oil,frac_inen_energy_plastic
frac_inen_energy_plastic_solar,frac_inen_energy_plastic
frac_inen_energy_plastic_solid_biomass,frac_inen_energy_plastic_solid
frac_inen_energy_recycled_glass_coal,frac_inen_energy_recycled_glass
frac_inen_energy_recycled_glass_coke,frac_inen_energy_recycled_glass
frac_inen_energy_recycled_glass_diesel,frac_inen_energy_recycled_glass
frac_inen_energy_recycled_glass_electricity,frac_inen_energy_recycled_glass
frac_inen_energy_recycled_glass_furnace_gas,frac_inen_energy_recycled_glass_furnace
frac_inen_energy_recycled_glass_gasoline,frac_inen_energy_recycled_glass
frac_inen_energy_recycled_glass_hydrocarbon_gas_liquids,frac_inen_energy_recycled_glass_hydrocarbon_gas
frac_inen_energy_recycled_glass_hydrogen,frac_inen_energy_recycled_glass
frac_inen_energy_recycled_glass_kerosene,frac_inen_energy_recycled_glass
frac_inen_energy_recycled_glass_natural_gas,frac_inen_energy_recycled_glass_natural
frac_inen_energy_recycled_glass_oil,frac_inen_energy_recycled_glass
frac_inen_energy_recycled_glass_solar,frac_inen_energy_recycled_glass
frac_inen_energy_recycled_glass_solid_biomass,frac_inen_energy_recycled_glass_solid
frac_inen_energy_recycled_metals_coal,frac_inen_energy_recycled_metals
frac_inen_energy_recycled_metals_coke,frac_inen_energy_recycled_metals
frac_inen_energy_recycled_metals_diesel,frac_inen_energy_recycled_metals
frac_inen_energy_recycled_metals_electricity,frac_inen_energy_recycled_metals
frac_inen_energy_recycled_metals_furnace_gas,frac_inen_energy_recycled_metals_furnace
frac_inen_energy_recycled_metals_gasoline,frac_inen_energy_recycled_metals
frac_inen_energy_recycled_metals_hydrocarbon_gas_liquids,frac_inen_energy_recycled_metals_hydrocarbon_gas
frac_inen_energy_recycled_metals_hydrogen,frac_inen_energy_recycled_metals
frac_inen_energy_recycled_metals_kerosene,frac_inen_energy_recycled_metals
frac_inen_energy_recycled_metals_natural_gas,frac_inen_energy_recycled_metals_natural
frac_inen_energy_recycled_metals_oil,frac_inen_energy_recycled_metals
frac_inen_energy_recycled_metals_solar,frac_inen_energy_recycled_metals
frac_inen_energy_recycled_metals_solid_biomass,frac_inen_energy_recycled_metals_solid
frac_inen_energy_recycled_paper_coal,frac_inen_energy_recycled_paper
frac_inen_energy_recycled_paper_coke,frac_inen_energy_recycled_paper
frac_inen_energy_recycled_paper_diesel,frac_inen_energy_recycled_paper
frac_inen_energy_recycled_paper_electricity,frac_inen_energy_recycled_paper
frac_inen_energy_recycled_paper_furnace_gas,frac_inen_energy_recycled_paper_furnace
frac_inen_energy_recycled_paper_gasoline,frac_inen_energy_recycled_paper
frac_inen_energy_recycled_paper_hydrocarbon_gas_liquids,frac_inen_energy_recycled_paper_hydrocarbon_gas
frac_inen_energy_recycled_paper_hydrogen,frac_inen_energy_recycled_paper
frac_inen_energy_recycled_paper_kerosene,frac_inen_energy_recycled_paper
frac_inen_energy_recycled_paper_natural_gas,frac_inen_energy_recycled_paper_natural
frac_inen_energy_recycled_paper_oil,frac_inen_energy_recycled_paper
frac_inen_energy_recycled_paper_solar,frac_inen_energy_recycled_paper
frac_inen_energy_recycled_paper_solid_biomass,frac_inen_energy_recycled_paper_solid
frac_inen_energy_recycled_plastic_coal,frac_inen_energy_recycled_plastic
frac_inen_energy_recycled_plastic_coke,frac_inen_energy_recycled_plastic
frac_inen_energy_recycled_plastic_diesel,frac_inen_energy_recycled_plastic
frac_inen_energy_recycled_plastic_electricity,frac_inen_energy_recycled_plastic
frac_inen_energy_recycled_plastic_furnace_gas,frac_inen_energy_recycled_plastic_furnace
frac_inen_energy_recycled_plastic_gasoline,frac_inen_energy_recycled_plastic
frac_inen_energy_recycled_plastic_hydrocarbon_gas_liquids,frac_inen_energy_recycled_plastic_hydrocarbon_gas
frac_inen_energy_recycled_plastic_hydrogen,frac_inen_energy_recycled_plastic
frac_inen_energy_recycled_plastic_kerosene,frac_inen_energy_recycled_plastic
frac_inen_energy_recycled_plastic_natural_gas,frac_inen_energy_recycled_plastic_natural
frac_inen_energy_recycled_plastic_oil,frac_inen_energy_recycled_plastic
frac_inen_energy_recycled_plastic_solar,frac_inen_energy_recycled_plastic
frac_inen_energy_recycled_plastic_solid_biomass,frac_inen_energy_recycled_plastic_solid
frac_inen_energy_recycled_rubber_and_leather_coal,frac_inen_energy_recycled_rubber_and_leather
frac_inen_energy_recycled_rubber_and_leather_coke,frac_inen_energy_recycled_rubber_and_leather
frac_inen_energy_recycled_rubber_and_leather_diesel,frac_inen_energy_recycled_rubber_and_leather
frac_inen_energy_recycled_rubber_and_leather_electricity,frac_inen_energy_recycled_rubber_and_leather
frac_inen_energy_recycled_rubber_and_leather_furnace_gas,frac_inen_energy_recycled_rubber_and_leather_furnace
frac_inen_energy_recycled_rubber_and_leather_gasoline,frac_inen_energy_recycled_rubber_and_leather
frac_inen_energy_recycled_rubber_and_leather_hydrocarbon_gas_liquids,frac_inen_energy_recycled_rubber_and_leather_hydrocarbon_gas
frac_inen_energy_recycled_rubber_and_leather_hydrogen,frac_inen_energy_recycled_rubber_and_leather
frac_inen_energy_recycled_rubber_and_leather_kerosene,frac_inen_energy_recycled_rubber_and_leather
frac_inen_energy_recycled_rubber_and_leather_natural_gas,frac_inen_energy_recycled_rubber_and_leather_natural
frac_inen_energy_recycled_rubber_and_leather_oil,frac_inen_energy_recycled_rubber_and_leather
frac_inen_energy_recycled_rubber_and_leather_solar,frac_inen_energy_recycled_rubber_and_leather
frac_inen_energy_recycled_rubber_and_leather_solid_biomass,frac_inen_energy_recycled_rubber_and_leather_solid
frac_inen_energy_recycled_textiles_coal,frac_inen_energy_recycled_textiles
frac_inen_energy_recycled_textiles_coke,frac_inen_energy_recycled_textiles
frac_inen_energy_recycled_textiles_diesel,frac_inen_energy_recycled_textiles
frac_inen_energy_recycled_textiles_electricity,frac_inen_energy_recycled_textiles
frac_inen_energy_recycled_textiles_furnace_gas,frac_inen_energy_recycled_textiles_furnace
frac_inen_energy_recycled_textiles_gasoline,frac_inen_energy_recycled_textiles
frac_inen_energy_recycled_textiles_hydrocarbon_gas_liquids,frac_inen_energy_recycled_textiles_hydrocarbon_gas
frac_inen_energy_recycled_textiles_hydrogen,frac_inen_energy_recycled_textiles
frac_inen_energy_recycled_textiles_kerosene,frac_inen_energy_recycled_textiles
frac_inen_energy_recycled_textiles_natural_gas,frac_inen_energy_recycled_textiles_natural
frac_inen_energy_recycled_textiles_oil,frac_inen_energy_recycled_textiles
frac_inen_energy_recycled_textiles_solar,frac_inen_energy_recycled_textiles
frac_inen_energy_recycled_textiles_solid_biomass,frac_inen_energy_recycled_textiles_solid
frac_inen_energy_recycled_wood_coal,frac_inen_energy_recycled_wood
frac_inen_energy_recycled_wood_coke,frac_inen_energy_recycled_wood
frac_inen_energy_recycled_wood_diesel,frac_inen_energy_recycled_wood
frac_inen_energy_recycled_wood_electricity,frac_inen_energy_recycled_wood
frac_inen_energy_recycled_wood_furnace_gas,frac_inen_energy_recycled_wood_furnace
frac_inen_energy_recycled_wood_gasoline,frac_inen_energy_recycled_wood
frac_inen_energy_recycled_wood_hydrocarbon_gas_liquids,frac_inen_energy_recycled_wood_hydrocarbon_gas
frac_inen_energy_recycled_wood_hydrogen,frac_inen_energy_recycled_wood
frac_inen_energy_recycled_wood_kerosene,frac_inen_energy_recycled_wood
frac_inen_energy_recycled_wood_natural_gas,frac_inen_energy_recycled_wood_natural
frac_inen_energy_recycled_wood_oil,frac_inen_energy_recycled_wood
frac_inen_energy_recycled_wood_solar,frac_inen_energy_recycled_wood
frac_inen_energy_recycled_wood_solid_biomass,frac_inen_energy_recycled_wood_solid
frac_inen_energy_rubber_and_leather_coal,frac_inen_energy_rubber_and_leather
frac_inen_energy_rubber_and_leather_coke,frac_inen_energy_rubber_and_leather
frac_inen_energy_rubber_and_leather_diesel,frac_inen_energy_rubber_and_leather
frac_inen_energy_rubber_and_leather_electricity,frac_inen_energy_rubber_and_leather
frac_inen_energy_rubber_and_leather_furnace_gas,frac_inen_energy_rubber_and_leather_furnace
frac_inen_energy_rubber_and_leather_gasoline,frac_inen_energy_rubber_and_leather
frac_inen_energy_rubber_and_leather_hydrocarbon_gas_liquids,frac_inen_energy_rubber_and_leather_hydrocarbon_gas
frac_inen_energy_rubber_and_leather_hydrogen,frac_inen_energy_rubber_and_leather
frac_inen_energy_rubber_and_leather_kerosene,frac_inen_energy_rubber_and_leather
frac_inen_energy_rubber_and_leather_natural_gas,frac_inen_energy_rubber_and_leather_natural
frac_inen_energy_rubber_and_leather_oil,frac_inen_energy_rubber_and_leather
frac_inen_energy_rubber_and_leather_solar,frac_inen_energy_rubber_and_leather
frac_inen_energy_rubber_and_leather_solid_biomass,frac_inen_energy_rubber_and_leather_solid
frac_inen_energy_textiles_coal,frac_inen_energy_textiles
frac_inen_energy_textiles_coke,frac_inen_energy_textiles
frac_inen_energy_textiles_diesel,frac_inen_energy_textiles
frac_inen_energy_textiles_electricity,frac_inen_energy_textiles
frac_inen_energy_textiles_furnace_gas,frac_inen_energy_textiles_furnace
frac_inen_energy_textiles_gasoline,frac_inen_energy_textiles
frac_inen_energy_textiles_hydrocarbon_gas_liquids,frac_inen_energy_textiles_hydrocarbon_gas
frac_inen_energy_textiles_hydrogen,frac_inen_energy_textiles
frac_inen_energy_textiles_kerosene,frac_inen_energy_textiles
frac_inen_energy_textiles_natural_gas,frac_inen_energy_textiles_natural
frac_inen_energy_textiles_oil,frac_inen_energy_textiles
frac_inen_energy_textiles_solar,frac_inen_energy_textiles
frac_inen_energy_textiles_solid_biomass,frac_inen_energy_textiles_solid
frac_inen_energy_wood_coal,frac_inen_energy_wood
frac_inen_energy_wood_coke,frac_inen_energy_wood
frac_inen_energy_wood_diesel,frac_inen_energy_wood
frac_inen_energy_wood_electricity,frac_inen_energy_wood
frac_inen_energy_wood_furnace_gas,frac_inen_energy_wood_furnace
frac_inen_energy_wood_gasoline,frac_inen_energy_wood
frac_inen_energy_wood_hydrocarbon_gas_liquids,frac_inen_energy_wood_hydrocarbon_gas
frac_inen_energy_wood_hydrogen,frac_inen_energy_wood
frac_inen_energy_wood_kerosene,frac_inen_energy_wood
frac_inen_energy_wood_natural_gas,frac_inen_energy_wood_natural
frac_inen_energy_wood_oil,frac_inen_energy_wood
frac_inen_energy_wood_solar,frac_inen_energy_wood
frac_inen_energy_wood_solid_biomass,frac_inen_energy_wood_solid
frac_ippu_cement_clinker,frac_ippu_cement
frac_ippu_production_with_co2_capture_cement,frac_ippu_production_with_co2_capture
frac_ippu_production_with_co2_capture_chemicals,frac_ippu_production_with_co2_capture
frac_ippu_production_with_co2_capture_glass,frac_ippu_production_with_co2_capture
frac_ippu_production_with_co2_capture_lime_and_carbonite,frac_ippu_production_with_co2_capture_lime_and
frac_ippu_production_with_co2_capture_metals,frac_ippu_production_with_co2_capture
frac_ippu_production_with_co2_capture_plastic,frac_ippu_production_with_co2_capture
frac_lndu_grasslands_cl1_temperate,frac_lndu_grasslands_cl1
frac_lndu_grasslands_cl1_tropical,frac_lndu_grasslands_cl1
frac_lndu_grasslands_cl2_dry,frac_lndu_grasslands_cl2
frac_lndu_grasslands_cl2_wet,frac_lndu_grasslands_cl2
frac_lndu_improved_grasslands,frac_lndu_improved
frac_lndu_increasing_net_exports_met_croplands,frac_lndu_increasing_net_exports_met
frac_lndu_increasing_net_exports_met_grasslands,frac_lndu_increasing_net_exports_met
frac_lndu_increasing_net_imports_met_croplands,frac_lndu_increasing_net_imports_met
frac_lndu_increasing_net_imports_met_grasslands,frac_lndu_increasing_net_imports_met
frac_lndu_initial_croplands,frac_lndu_initial
frac_lndu_initial_forests_mangroves,frac_lndu_initial_forests
frac_lndu_initial_forests_primary,frac_lndu_initial_forests
frac_lndu_initial_forests_secondary,frac_lndu_initial_forests
frac_lndu_initial_grasslands,frac_lndu_initial
frac_lndu_initial_other,frac_lndu_initial
frac_lndu_initial_settlements,frac_lndu_initial
frac_lndu_initial_wetlands,frac_lndu_initial
frac_lndu_other_cl2_dry,frac_lndu_other_cl2
frac_lndu_other_cl2_wet,frac_lndu_other_cl2
frac_lndu_proportion_grasslands_pasture,frac_lndu_proportion_grasslands
frac_lndu_receiving_fertilizer_croplands,frac_lndu_receiving_fertilizer
frac_lndu_receiving_fertilizer_grasslands,frac_lndu_receiving_fertilizer
frac_lndu_settlements_cl2_dry,frac_lndu_settlements_cl2
frac_lndu_settlements_cl2_wet,frac_lndu_settlements_cl2
frac_lndu_soil_mineral_croplands,frac_lndu_soil_mineral
frac_lndu_soil_mineral_forests_mangroves,frac_lndu_soil_mineral_forests
frac_lndu_soil_mineral_forests_primary,frac_lndu_soil_mineral_forests
frac_lndu_soil_mineral_forests_secondary,frac_lndu_soil_mineral_forests
frac_lndu_soil_mineral_grasslands,frac_lndu_soil_mineral
frac_lndu_soil_mineral_other,frac_lndu_soil_mineral
frac_lndu_soil_mineral_settlements,frac_lndu_soil_mineral
frac_lsmm_manure_to_fertilizer_anaerobic_lagoon,frac_lsmm_manure_to_fertilizer_anaerobic
frac_lsmm_manure_to_fertilizer_daily_spread,frac_lsmm_manure_to_fertilizer_daily
frac_lsmm_manure_to_fertilizer_deep_bedding,frac_lsmm_manure_to_fertilizer_deep
frac_lsmm_manure_to_fertilizer_dry_lot,frac_lsmm_manure_to_fertilizer_dry
frac_lsmm_manure_to_fertilizer_incineration,frac_lsmm_manure_to_fertilizer
frac_lsmm_manure_to_fertilizer_liquid_slurry,frac_lsmm_manure_to_fertilizer_liquid
frac_lsmm_manure_to_fertilizer_poultry_manure,frac_lsmm_manure_to_fertilizer_poultry
frac_lsmm_manure_to_fertilizer_storage_solid,frac_lsmm_manure_to_fertilizer_storage
frac_lsmm_n_loss_leaching_anaerobic_digester,frac_lsmm_n_loss_leaching_anaerobic
frac_lsmm_n_loss_leaching_anaerobic_lagoon,frac_lsmm_n_loss_leaching_anaerobic
frac_lsmm_n_loss_leaching_composting,frac_lsmm_n_loss_leaching
frac_lsmm_n_loss_leaching_daily_spread,frac_lsmm_n_loss_leaching_daily
frac_lsmm_n_loss_leaching_deep_bedding,frac_lsmm_n_loss_leaching_deep
frac_lsmm_n_loss_leaching_dry_lot,frac_lsmm_n_loss_leaching_dry
frac_lsmm_n_loss_leaching_incineration,frac_lsmm_n_loss_leaching
frac_lsmm_n_loss_leaching_liquid_slurry,frac_lsmm_n_loss_leaching_liquid
frac_lsmm_n_loss_leaching_paddock_pasture_range,frac_lsmm_n_loss_leaching_paddock_pasture
frac_lsmm_n_loss_leaching_poultry_manure,frac_lsmm_n_loss_leaching_poultry
frac_lsmm_n_loss_leaching_storage_solid,frac_lsmm_n_loss_leaching_storage
frac_lsmm_n_loss_volatilisation_anaerobic_digester,frac_lsmm_n_loss_volatilisation_anaerobic
frac_lsmm_n_loss_volatilisation_anaerobic_lagoon,frac_lsmm_n_loss_volatilisation_anaerobic
frac_lsmm_n_loss_volatilisation_composting,frac_lsmm_n_loss_volatilisation
frac_lsmm_n_loss_volatilisation_daily_spread,frac_lsmm_n_loss_volatilisation_daily
frac_lsmm_n_loss_volatilisation_deep_bedding,frac_lsmm_n_loss_volatilisation_deep
frac_lsmm_n_loss_volatilisation_dry_lot,frac_lsmm_n_loss_volatilisation_dry
frac_lsmm_n_loss_volatilisation_incineration,frac_lsmm_n_loss_volatilisation
frac_lsmm_n_loss_volatilisation_liquid_slurry,frac_lsmm_n_loss_volatilisation_liquid
frac_lsmm_n_loss_volatilisation_paddock_pasture_range,frac_lsmm_n_loss_volatilisation_paddock_pasture
frac_lsmm_n_loss_volatilisation_poultry_manure,frac_lsmm_n_loss_volatilisation_poultry
frac_lsmm_n_loss_volatilisation_storage_solid,frac_lsmm_n_loss_volatilisation_storage
frac_lvst_livestock_demand_imported_buffalo,frac_lvst_livestock_demand_imported
frac_lvst_livestock_demand_imported_cattle_dairy,frac_lvst_livestock_demand_imported_cattle
frac_lvst_livestock_demand_imported_cattle_nondairy,frac_lvst_livestock_demand_imported_cattle
frac_lvst_livestock_demand_imported_chickens,frac_lvst_livestock_demand_imported
frac_lvst_livestock_demand_imported_goats,frac_lvst_livestock_demand_imported
frac_lvst_livestock_demand_imported_horses,frac_lvst_livestock_demand_imported
frac_lvst_livestock_demand_imported_mules,frac_lvst_livestock_demand_imported
frac_lvst_livestock_demand_imported_pigs,frac_lvst_livestock_demand_imported
frac_lvst_livestock_demand_imported_sheep,frac_lvst_livestock_demand_imported
frac_lvst_mm_buffalo_anaerobic_digester,frac_lvst_mm_buffalo_anaerobic
frac_lvst_mm_buffalo_anaerobic_lagoon,frac_lvst_mm_buffalo_anaerobic
frac_lvst_mm_buffalo_composting,frac_lvst_mm_buffalo
frac_lvst_mm_buffalo_daily_spread,frac_lvst_mm_buffalo_daily
frac_lvst_mm_buffalo_deep_bedding,frac_lvst_mm_buffalo_deep
frac_lvst_mm_buffalo_dry_lot,frac_lvst_mm_buffalo_dry
frac_lvst_mm_buffalo_incineration,frac_lvst_mm_buffalo
frac_lvst_mm_buffalo_liquid_slurry,frac_lvst_mm_buffalo_liquid
frac_lvst_mm_buffalo_paddock_pasture_range,frac_lvst_mm_buffalo_paddock_pasture
frac_lvst_mm_buffalo_poultry_manure,frac_lvst_mm_buffalo_poultry
frac_lvst_mm_buffalo_solid_storage,frac_lvst_mm_buffalo_solid
frac_lvst_mm_cattle_dairy_anaerobic_digester,frac_lvst_mm_cattle_dairy_anaerobic
frac_lvst_mm_cattle_dairy_anaerobic_lagoon,frac_lvst_mm_cattle_dairy_anaerobic
frac_lvst_mm_cattle_dairy_composting,frac_lvst_mm_cattle_dairy
frac_lvst_mm_cattle_dairy_daily_spread,frac_lvst_mm_cattle_dairy_daily
frac_lvst_mm_cattle_dairy_deep_bedding,frac_lvst_mm_cattle_dairy_deep
frac_lvst_mm_cattle_dairy_dry_lot,frac_lvst_mm_cattle_dairy_dry
frac_lvst_mm_cattle_dairy_incineration,frac_lvst_mm_cattle_dairy
frac_lvst_mm_cattle_dairy_liquid_slurry,frac_lvst_mm_cattle_dairy_liquid
frac_lvst_mm_cattle_dairy_paddock_pasture_range,frac_lvst_mm_cattle_dairy_paddock_pasture
frac_lvst_mm_cattle_dairy_poultry_manure,frac_lvst_mm_cattle_dairy_poultry
frac_lvst_mm_cattle_dairy_solid_storage,frac_lvst_mm_cattle_dairy_solid
frac_lvst_mm_cattle_nondairy_anaerobic_digester,frac_lvst_mm_cattle_nondairy_anaerobic
frac_lvst_mm_cattle_nondairy_anaerobic_lagoon,frac_lvst_mm_cattle_nondairy_anaerobic
frac_lvst_mm_cattle_nondairy_composting,frac_lvst_mm_cattle_nondairy
frac_lvst_mm_cattle_nondairy_daily_spread,frac_lvst_mm_cattle_nondairy_daily
frac_lvst_mm_cattle_nondairy_deep_bedding,frac_lvst_mm_cattle_nondairy_deep
frac_lvst_mm_cattle_nondairy_dry_lot,frac_lvst_mm_cattle_nondairy_dry
frac_lvst_mm_cattle_nondairy_incineration,frac_lvst_mm_cattle_nondairy
frac_lvst_mm_cattle_nondairy_liquid_slurry,frac_lvst_mm_cattle_nondairy_liquid
frac_lvst_mm_cattle_nondairy_paddock_pasture_range,frac_lvst_mm_cattle_nondairy_paddock_pasture
frac_lvst_mm_cattle_nondairy_poultry_manure,frac_lvst_mm_cattle_nondairy_poultry
frac_lvst_mm_cattle_nondairy_solid_storage,frac_lvst_mm_cattle_nondairy_solid
frac_lvst_mm_chickens_anaerobic_digester,frac_lvst_mm_chickens_anaerobic
frac_lvst_mm_chickens_anaerobic_lagoon,frac_lvst_mm_chickens_anaerobic
frac_lvst_mm_chickens_composting,frac_lvst_mm_chickens
frac_lvst_mm_chickens_daily_spread,frac_lvst_mm_chickens_daily
frac_lvst_mm_chickens_deep_bedding,frac_lvst_mm_chickens_deep
frac_lvst_mm_chickens_dry_lot,frac_lvst_mm_chickens_dry
frac_lvst_mm_chickens_incineration,frac_lvst_mm_chickens
frac_lvst_mm_chickens_liquid_slurry,frac_lvst_mm_chickens_liquid
frac_lvst_mm_chickens_paddock_pasture_range,frac_lvst_mm_chickens_paddock_pasture
frac_lvst_mm_chickens_poultry_manure,frac_lvst_mm_chickens_poultry
frac_lvst_mm_chickens_solid_storage,frac_lvst_mm_chickens_solid
frac_lvst_mm_goats_anaerobic_digester,frac_lvst_mm_goats_anaerobic
frac_lvst_mm_goats_anaerobic_lagoon,frac_lvst_mm_goats_anaerobic
frac_lvst_mm_goats_composting,frac_lvst_mm_goats
frac_lvst_mm_goats_daily_spread,frac_lvst_mm_goats_daily
frac_lvst_mm_goats_deep_bedding,frac_lvst_mm_goats_deep
frac_lvst_mm_goats_dry_lot,frac_lvst_mm_goats_dry
frac_lvst_mm_goats_incineration,frac_lvst_mm_goats
frac_lvst_mm_goats_liquid_slurry,frac_lvst_mm_goats_liquid
frac_lvst_mm_goats_paddock_pasture_range,frac_lvst_mm_goats_paddock_pasture
frac_lvst_mm_goats_poultry_manure,frac_lvst_mm_goats_poultry
frac_lvst_mm_goats_solid_storage,frac_lvst_mm_goats_solid
frac_lvst_mm_horses_anaerobic_digester,frac_lvst_mm_horses_anaerobic
frac_lvst_mm_horses_anaerobic_lagoon,frac_lvst_mm_horses_anaerobic
frac_lvst_mm_horses_composting,frac_lvst_mm_horses
frac_lvst_mm_horses_daily_spread,frac_lvst_mm_horses_daily
frac_lvst_mm_horses_deep_bedding,frac_lvst_mm_horses_deep
frac_lvst_mm_horses_dry_lot,frac_lvst_mm_horses_dry
frac_lvst_mm_horses_incineration,frac_lvst_mm_horses
frac_lvst_mm_horses_liquid_slurry,frac_lvst_mm_horses_liquid
frac_lvst_mm_horses_paddock_pasture_range,frac_lvst_mm_horses_paddock_pasture
frac_lvst_mm_horses_poultry_manure,frac_lvst_mm_horses_poultry
frac_lvst_mm_horses_solid_storage,frac_lvst_mm_horses_solid
frac_lvst_mm_mules_anaerobic_digester,frac_lvst_mm_mules_anaerobic
frac_lvst_mm_mules_anaerobic_lagoon,frac_lvst_mm_mules_anaerobic
frac_lvst_mm_mules_composting,frac_lvst_mm_mules
frac_lvst_mm_mules_daily_spread,frac_lvst_mm_mules_daily
frac_lvst_mm_mules_deep_bedding,frac_lvst_mm_mules_deep
frac_lvst_mm_mules_dry_lot,frac_lvst_mm_mules_dry
frac_lvst_mm_mules_incineration,frac_lvst_mm_mules
frac_lvst_mm_mules_liquid_slurry,frac_lvst_mm_mules_liquid
frac_lvst_mm_mules_paddock_pasture_range,frac_lvst_mm_mules_paddock_pasture
frac_lvst_mm_mules_poultry_manure,frac_lvst_mm_mules_poultry
frac_lvst_mm_mules_solid_storage,frac_lvst_mm_mules_solid
frac_lvst_mm_pigs_anaerobic_digester,frac_lvst_mm_pigs_anaerobic
frac_lvst_mm_pigs_anaerobic_lagoon,frac_lvst_mm_pigs_anaerobic
frac_lvst_mm_pigs_composting,frac_lvst_mm_pigs
frac_lvst_mm_pigs_daily_spread,frac_lvst_mm_pigs_daily
frac_lvst_mm_pigs_deep_bedding,frac_lvst_mm_pigs_deep
frac_lvst_mm_pigs_dry_lot,frac_lvst_mm_pigs_dry
frac_lvst_mm_pigs_incineration,frac_lvst_mm_pigs
frac_lvst_mm_pigs_liquid_slurry,frac_lvst_mm_pigs_liquid
frac_lvst_mm_pigs_paddock_pasture_range,frac_lvst_mm_pigs_paddock_pasture
frac_lvst_mm_pigs_poultry_manure,frac_lvst_mm_pigs_poultry
frac_lvst_mm_pigs_solid_storage,frac_lvst_mm_pigs_solid
frac_lvst_mm_sheep_anaerobic_digester,frac_lvst_mm_sheep_anaerobic
frac_lvst_mm_sheep_anaerobic_lagoon,frac_lvst_mm_sheep_anaerobic
frac_lvst_mm_sheep_composting,frac_lvst_mm_sheep
frac_lvst_mm_sheep_daily_spread,frac_lvst_mm_sheep_daily
frac_lvst_mm_sheep_deep_bedding,frac_lvst_mm_sheep_deep
frac_lvst_mm_sheep_dry_lot,frac_lvst_mm_sheep_dry
frac_lvst_mm_sheep_incineration,frac_lvst_mm_sheep
frac_lvst_mm_sheep_liquid_slurry,frac_lvst_mm_sheep_liquid
frac_lvst_mm_sheep_paddock_pasture_range,frac_lvst_mm_sheep_paddock_pasture
frac_lvst_mm_sheep_poultry_manure,frac_lvst_mm_sheep_poultry
frac_lvst_mm_sheep_solid_storage,frac_lvst_mm_sheep_solid
frac_lvst_n_in_dung,frac_lvst_n_in
frac_scoe_heat_energy_commercial_municipal_coal,frac_scoe_heat_energy_commercial_municipal
frac_scoe_heat_energy_commercial_municipal_diesel,frac_scoe_heat_energy_commercial_municipal
frac_scoe_heat_energy_commercial_municipal_electricity,frac_scoe_heat_energy_commercial_municipal
frac_scoe_heat_energy_commercial_municipal_gasoline,frac_scoe_heat_energy_commercial_municipal
frac_scoe_heat_energy_commercial_municipal_hydrocarbon_gas_liquids,frac_scoe_heat_energy_commercial_municipal_hydrocarbon_gas
frac_scoe_heat_energy_commercial_municipal_hydrogen,frac_scoe_heat_energy_commercial_municipal
frac_scoe_heat_energy_commercial_municipal_kerosene,frac_scoe_heat_energy_commercial_municipal
frac_scoe_heat_energy_commercial_municipal_natural_gas,frac_scoe_heat_energy_commercial_municipal_natural
frac_scoe_heat_energy_commercial_municipal_solid_biomass,frac_scoe_heat_energy_commercial_municipal_solid
frac_scoe_heat_energy_other_se_coal,frac_scoe_heat_energy_other_se
frac_scoe_heat_energy_other_se_diesel,frac_scoe_heat_energy_other_se
frac_scoe_heat_energy_other_se_electricity,frac_scoe_heat_energy_other_se
frac_scoe_heat_energy_other_se_gasoline,frac_scoe_heat_energy_other_se
frac_scoe_heat_energy_other_se_hydrocarbon_gas_liquids,frac_scoe_heat_energy_other_se_hydrocarbon_gas
frac_scoe_heat_energy_other_se_hydrogen,frac_scoe_heat_energy_other_se
frac_scoe_heat_energy_other_se_kerosene,frac_scoe_heat_energy_other_se
frac_scoe_heat_energy_other_se_natural_gas,frac_scoe_heat_energy_other_se_natural
frac_scoe_heat_energy_other_se_solid_biomass,frac_scoe_heat_energy_other_se_solid
frac_scoe_heat_energy_residential_coal,frac_scoe_heat_energy_residential
frac_scoe_heat_energy_residential_diesel,frac_scoe_heat_energy_residential
frac_scoe_heat_energy_residential_electricity,frac_scoe_heat_energy_residential
frac_scoe_heat_energy_residential_gasoline,frac_scoe_heat_energy_residential
frac_scoe_heat_energy_residential_hydrocarbon_gas_liquids,frac_scoe_heat_energy_residential_hydrocarbon_gas
frac_scoe_heat_energy_residential_hydrogen,frac_scoe_heat_energy_residential
frac_scoe_heat_energy_residential_kerosene,frac_scoe_heat_energy_residential
frac_scoe_heat_energy_residential_natural_gas,frac_scoe_heat_energy_residential_natural
frac_scoe_heat_energy_residential_solid_biomass,frac_scoe_heat_energy_residential_solid
frac_sludge_compliant_treated_septic,frac_sludge_compliant_treated
frac_soil_gasf_n_volatilisation_synthetic_fertilizer_non_urea,frac_soil_gasf_n_volatilisation_synthetic_fertilizer_non
frac_soil_gasf_n_volatilisation_synthetic_fertilizer_urea,frac_soil_gasf_n_volatilisation_synthetic_fertilizer
frac_soil_gasm_n_volatilisation_organic_amendments_fertilizer,frac_soil_gasm_n_volatilisation_organic_amendments
frac_soil_leachh_n_lost_to_leaching,frac_soil_leachh_n_lost_to
frac_soil_synthetic_fertilizer_urea,frac_soil_synthetic_fertilizer
frac_trns_fuelmix_aviation_electricity,frac_trns_fuelmix_aviation
frac_trns_fuelmix_aviation_hydrogen,frac_trns_fuelmix_aviation
frac_trns_fuelmix_aviation_kerosene,frac_trns_fuelmix_aviation
frac_trns_fuelmix_powered_bikes_electricity,frac_trns_fuelmix_powered_bikes
frac_trns_fuelmix_powered_bikes_gasoline,frac_trns_fuelmix_powered_bikes
frac_trns_fuelmix_public_biofuels,frac_trns_fuelmix_public
frac_trns_fuelmix_public_diesel,frac_trns_fuelmix_public
frac_trns_fuelmix_public_electricity,frac_trns_fuelmix_public
frac_trns_fuelmix_public_gasoline,frac_trns_fuelmix_public
frac_trns_fuelmix_public_hydrocarbon_gas_liquids,frac_trns_fuelmix_public_hydrocarbon_gas
frac_trns_fuelmix_public_hydrogen,frac_trns_fuelmix_public
frac_trns_fuelmix_public_natural_gas,frac_trns_fuelmix_public_natural
frac_trns_fuelmix_rail_freight_diesel,frac_trns_fuelmix_rail_freight
frac_trns_fuelmix_rail_freight_electricity,frac_trns_fuelmix_rail_freight
frac_trns_fuelmix_rail_freight_hydrogen,frac_trns_fuelmix_rail_freight
frac_trns_fuelmix_rail_freight_natural_gas,frac_trns_fuelmix_rail_freight_natural
frac_trns_fuelmix_rail_passenger_diesel,frac_trns_fuelmix_rail_passenger
frac_trns_fuelmix_rail_passenger_electricity,frac_trns_fuelmix_rail_passenger
frac_trns_fuelmix_rail_passenger_hydrogen,frac_trns_fuelmix_rail_passenger
frac_trns_fuelmix_rail_passenger_natural_gas,frac_trns_fuelmix_rail_passenger_natural
frac_trns_fuelmix_road_heavy_freight_biofuels,frac_trns_fuelmix_road_heavy_freight
frac_trns_fuelmix_road_heavy_freight_diesel,frac_trns_fuelmix_road_heavy_freight
frac_trns_fuelmix_road_heavy_freight_electricity,frac_trns_fuelmix_road_heavy_freight
frac_trns_fuelmix_road_heavy_freight_gasoline,frac_trns_fuelmix_road_heavy_freight
frac_trns_fuelmix_road_heavy_freight_hydrocarbon_gas_liquids,frac_trns_fuelmix_road_heavy_freight_hydrocarbon_gas
frac_trns_fuelmix_road_heavy_freight_hydrogen,frac_trns_fuelmix_road_heavy_freight
frac_trns_fuelmix_road_heavy_freight_natural_gas,frac_trns_fuelmix_road_heavy_freight_natural
frac_trns_fuelmix_road_heavy_regional_biofuels,frac_trns_fuelmix_road_heavy_regional
frac_trns_fuelmix_road_heavy_regional_diesel,frac_trns_fuelmix_road_heavy_regional
frac_trns_fuelmix_road_heavy_regional_electricity,frac_trns_fuelmix_road_heavy_regional
frac_trns_fuelmix_road_heavy_regional_gasoline,frac_trns_fuelmix_road_heavy_regional
frac_trns_fuelmix_road_heavy_regional_hydrocarbon_gas_liquids,frac_trns_fuelmix_road_heavy_regional_hydrocarbon_gas
frac_trns_fuelmix_road_heavy_regional_hydrogen,frac_trns_fuelmix_road_heavy_regional
frac_trns_fuelmix_road_heavy_regional_natural_gas,frac_trns_fuelmix_road_heavy_regional_natural
frac_trns_fuelmix_road_light_biofuels,frac_trns_fuelmix_road_light
frac_trns_fuelmix_road_light_diesel,frac_trns_fuelmix_road_light
frac_trns_fuelmix_road_light_electricity,frac_trns_fuelmix_road_light
frac_trns_fuelmix_road_light_gasoline,frac_trns_fuelmix_road_light
frac_trns_fuelmix_road_light_hydrocarbon_gas_liquids,frac_trns_fuelmix_road_light_hydrocarbon_gas
frac_trns_fuelmix_road_light_hydrogen,frac_trns_fuelmix_road_light
frac_trns_fuelmix_water_borne_ammonia,frac_trns_fuelmix_water_borne
frac_trns_fuelmix_water_borne_diesel,frac_trns_fuelmix_water_borne
frac_trns_fuelmix_water_borne_electricity,frac_trns_fuelmix_water_borne
frac_trns_fuelmix_water_borne_hydrogen,frac_trns_fuelmix_water_borne
frac_trns_fuelmix_water_borne_natural_gas,frac_trns_fuelmix_water_borne_natural
frac_trns_mtkm_dem_freight_aviation,frac_trns_mtkm_dem_freight
frac_trns_mtkm_dem_freight_rail_freight,frac_trns_mtkm_dem_freight_rail
frac_trns_mtkm_dem_freight_road_heavy_freight,frac_trns_mtkm_dem_freight_road_heavy
frac_trns_mtkm_dem_freight_water_borne,frac_trns_mtkm_dem_freight_water
frac_trns_pkm_dem_private_and_public_human_powered,frac_trns_pkm_dem_private_and_public_human
frac_trns_pkm_dem_private_and_public_powered_bikes,frac_trns_pkm_dem_private_and_public_powered
frac_trns_pkm_dem_private_and_public_public,frac_trns_pkm_dem_private_and_public
frac_trns_pkm_dem_private_and_public_road_light,frac_trns_pkm_dem_private_and_public_road
frac_trns_pkm_dem_private_and_public_water_borne,frac_trns_pkm_dem_private_and_public_water
frac_trns_pkm_dem_regional_aviation,frac_trns_pkm_dem_regional
frac_trns_pkm_dem_regional_rail_passenger,frac_trns_pkm_dem_regional_rail
frac_trns_pkm_dem_regional_road_heavy_regional,frac_trns_pkm_dem_regional_road_heavy
frac_trns_pkm_dem_regional_road_light,frac_trns_pkm_dem_regional_road
frac_trns_pkm_dem_regional_water_borne,frac_trns_pkm_dem_regional_water
frac_trww_n_removed_treated_advanced_aerobic,frac_trww_n_removed_treated_advanced
frac_trww_n_removed_treated_advanced_anaerobic,frac_trww_n_removed_treated_advanced
frac_trww_n_removed_treated_latrine_improved,frac_trww_n_removed_treated_latrine
frac_trww_n_removed_treated_latrine_unimproved,frac_trww_n_removed_treated_latrine
frac_trww_n_removed_treated_primary,frac_trww_n_removed_treated
frac_trww_n_removed_treated_secondary_aerobic,frac_trww_n_removed_treated_secondary
frac_trww_n_removed_treated_secondary_anaerobic,frac_trww_n_removed_treated_secondary
frac_trww_n_removed_treated_septic,frac_trww_n_removed_treated
frac_trww_n_removed_untreated_no_sewerage,frac_trww_n_removed_untreated_no
frac_trww_n_removed_untreated_with_sewerage,frac_trww_n_removed_untreated_with
frac_trww_p_removed_treated_advanced_aerobic,frac_trww_p_removed_treated_advanced
frac_trww_p_removed_treated_advanced_anaerobic,frac_trww_p_removed_treated_advanced
frac_trww_p_removed_treated_latrine_improved,frac_trww_p_removed_treated_latrine
frac_trww_p_removed_treated_latrine_unimproved,frac_trww_p_removed_treated_latrine
frac_trww_p_removed_treated_primary,frac_trww_p_removed_treated
frac_trww_p_removed_treated_secondary_aerobic,frac_trww_p_removed_treated_secondary
frac_trww_p_removed_treated_secondary_anaerobic,frac_trww_p_removed_treated_secondary
frac_trww_p_removed_treated_septic,frac_trww_p_removed_treated
frac_trww_p_removed_untreated_no_sewerage,frac_trww_p_removed_untreated_no
frac_trww_p_removed_untreated_with_sewerage,frac_trww_p_removed_untreated_with
frac_trww_tow_removed_treated_advanced_aerobic,frac_trww_tow_removed_treated_advanced
frac_trww_tow_removed_treated_advanced_anaerobic,frac_trww_tow_removed_treated_advanced
frac_trww_tow_removed_treated_latrine_improved,frac_trww_tow_removed_treated_latrine
frac_trww_tow_removed_treated_latrine_unimproved,frac_trww_tow_removed_treated_latrine
frac_trww_tow_removed_treated_primary,frac_trww_tow_removed_treated
frac_trww_tow_removed_treated_secondary_aerobic,frac_trww_tow_removed_treated_secondary
frac_trww_tow_removed_treated_secondary_anaerobic,frac_trww_tow_removed_treated_secondary
frac_trww_tow_removed_treated_septic,frac_trww_tow_removed_treated
frac_trww_tow_removed_untreated_no_sewerage,frac_trww_tow_removed_untreated_no
frac_trww_tow_removed_untreated_with_sewerage,frac_trww_tow_removed_untreated_with
frac_wali_protein_in_diet_with_red_meat,frac_wali_protein_in_diet_with_red
frac_wali_protein_in_diet_without_red_meat,frac_wali_protein_in_diet_without_red
frac_wali_ww_domestic_rural_treatment_path_advanced_aerobic,frac_wali_ww_domestic_rural_treatment_path_advanced
frac_wali_ww_domestic_rural_treatment_path_advanced_anaerobic,frac_wali_ww_domestic_rural_treatment_path_advanced
frac_wali_ww_domestic_rural_treatment_path_latrine_improved,frac_wali_ww_domestic_rural_treatment_path_latrine
frac_wali_ww_domestic_rural_treatment_path_latrine_unimproved,frac_wali_ww_domestic_rural_treatment_path_latrine
frac_wali_ww_domestic_rural_treatment_path_primary,frac_wali_ww_domestic_rural_treatment_path
frac_wali_ww_domestic_rural_treatment_path_secondary_aerobic,frac_wali_ww_domestic_rural_treatment_path_secondary
frac_wali_ww_domestic_rural_treatment_path_secondary_anaerobic,frac_wali_ww_domestic_rural_treatment_path_secondary
frac_wali_ww_domestic_rural_treatment_path_septic,frac_wali_ww_domestic_rural_treatment_path
frac_wali_ww_domestic_rural_treatment_path_untreated_no_sewerage,frac_wali_ww_domestic_rural_treatment_path_untreated_no
frac_wali_ww_domestic_rural_treatment_path_untreated_with_sewerage,frac_wali_ww_domestic_rural_treatment_path_untreated_with
frac_wali_ww_domestic_urban_treatment_path_advanced_aerobic,frac_wali_ww_domestic_urban_treatment_path_advanced
frac_wali_ww_domestic_urban_treatment_path_advanced_anaerobic,frac_wali_ww_domestic_urban_treatment_path_advanced
frac_wali_ww_domestic_urban_treatment_path_latrine_improved,frac_wali_ww_domestic_urban_treatment_path_latrine
frac_wali_ww_domestic_urban_treatment_path_latrine_unimproved,frac_wali_ww_domestic_urban_treatment_path_latrine
frac_wali_ww_domestic_urban_treatment_path_primary,frac_wali_ww_domestic_urban_treatment_path
frac_wali_ww_domestic_urban_treatment_path_secondary_aerobic,frac_wali_ww_domestic_urban_treatment_path_secondary
frac_wali_ww_domestic_urban_treatment_path_secondary_anaerobic,frac_wali_ww_domestic_urban_treatment_path_secondary
frac_wali_ww_domestic_urban_treatment_path_septic,frac_wali_ww_domestic_urban_treatment_path
frac_wali_ww_domestic_urban_treatment_path_untreated_no_sewerage,frac_wali_ww_domestic_urban_treatment_path_untreated_no
frac_wali_ww_domestic_urban_treatment_path_untreated_with_sewerage,frac_wali_ww_domestic_urban_treatment_path_untreated_with
frac_wali_ww_industrial_treatment_path_advanced_aerobic,frac_wali_ww_industrial_treatment_path_advanced
frac_wali_ww_industrial_treatment_path_advanced_anaerobic,frac_wali_ww_industrial_treatment_path_advanced
frac_wali_ww_industrial_treatment_path_latrine_improved,frac_wali_ww_industrial_treatment_path_latrine
frac_wali_ww_industrial_treatment_path_latrine_unimproved,frac_wali_ww_industrial_treatment_path_latrine
frac_wali_ww_industrial_treatment_path_primary,frac_wali_ww_industrial_treatment_path
frac_wali_ww_industrial_treatment_path_secondary_aerobic,frac_wali_ww_industrial_treatment_path_secondary
frac_wali_ww_industrial_treatment_path_secondary_anaerobic,frac_wali_ww_industrial_treatment_path_secondary
frac_wali_ww_industrial_treatment_path_septic,frac_wali_ww_industrial_treatment_path
frac_wali_ww_industrial_treatment_path_untreated_no_sewerage,frac_wali_ww_industrial_treatment_path_untreated_no
frac_wali_ww_industrial_treatment_path_untreated_with_sewerage,frac_wali_ww_industrial_treatment_path_untreated_with
frac_waso_biogas_food,frac_waso_biogas
frac_waso_biogas_sludge,frac_waso_biogas
frac_waso_biogas_yard,frac_waso_biogas
frac_waso_compost_food,frac_waso_compost
frac_waso_compost_methane_flared,frac_waso_compost_methane
frac_waso_compost_sludge,frac_waso_compost
frac_waso_compost_yard,frac_waso_compost
frac_waso_initial_composition_ind_chemical_industrial,frac_waso_initial_composition_ind_chemical
frac_waso_initial_composition_ind_food,frac_waso_initial_composition_ind
frac_waso_initial_composition_ind_glass,frac_waso_initial_composition_ind
frac_waso_initial_composition_ind_metal,frac_waso_initial_composition_ind
frac_waso_initial_composition_ind_nappies,frac_waso_initial_composition_ind
frac_waso_initial_composition_ind_other,frac_waso_initial_composition_ind
frac_waso_initial_composition_ind_paper,frac_waso_initial_composition_ind
frac_waso_initial_composition_ind_plastic,frac_waso_initial_composition_ind
frac_waso_initial_composition_ind_rubber_leather,frac_waso_initial_composition_ind_rubber
frac_waso_initial_composition_ind_sludge,frac_waso_initial_composition_ind
frac_waso_initial_composition_ind_textiles,frac_waso_initial_composition_ind
frac_waso_initial_composition_ind_wood,frac_waso_initial_composition_ind
frac_waso_initial_composition_ind_yard,frac_waso_initial_composition_ind
frac_waso_initial_composition_mun_chemical_industrial,frac_waso_initial_composition_mun_chemical
frac_waso_initial_composition_mun_food,frac_waso_initial_composition_mun
frac_waso_initial_composition_mun_glass,frac_waso_initial_composition_mun
frac_waso_initial_composition_mun_metal,frac_waso_initial_composition_mun
frac_waso_initial_composition_mun_nappies,frac_waso_initial_composition_mun
frac_waso_initial_composition_mun_other,frac_waso_initial_composition_mun
frac_waso_initial_composition_mun_paper,frac_waso_initial_composition_mun
frac_waso_initial_composition_mun_plastic,frac_waso_initial_composition_mun
frac_waso_initial_composition_mun_rubber_leather,frac_waso_initial_composition_mun_rubber
frac_waso_initial_composition_mun_sludge,frac_waso_initial_composition_mun
frac_waso_initial_composition_mun_textiles,frac_waso_initial_composition_mun
frac_waso_initial_composition_mun_wood,frac_waso_initial_composition_mun
frac_waso_initial_composition_mun_yard,frac_waso_initial_composition_mun
frac_waso_isw_incinerated_recovered_for_energy,frac_waso_isw_incinerated_recovered_for
frac_waso_landfill_gas_recovered,frac_waso_landfill_gas
frac_waso_lgc_recovered_for_energy,frac_waso_lgc_recovered_for
frac_waso_msw_incinerated_recovered_for_energy,frac_waso_msw_incinerated_recovered_for
frac_waso_non_recycled_incinerated,frac_waso_non_recycled
frac_waso_non_recycled_landfilled,frac_waso_non_recycled
frac_waso_non_recycled_open_dump,frac_waso_non_recycled_open
frac_waso_recycled_glass,frac_waso_recycled
frac_waso_recycled_metal,frac_waso_recycled
frac_waso_recycled_paper,frac_waso_recycled
frac_waso_recycled_plastic,frac_waso_recycled
frac_waso_recycled_rubber_leather,frac_waso_recycled_rubber
frac_waso_recycled_textiles,frac_waso_recycled
frac_waso_recycled_wood,frac_waso_recycled
